City,Cloudiness,Country,Date,Humidity,Lat,Lng,Max Temp,Wind Speed
New Norfolk,20,AU,1566504361,69,-42.78,147.06,39.2,6.93
Chapais,90,CA,1566504362,72,49.78,-74.86,60.8,10.29
Dudinka,40,RU,1566504364,93,69.41,86.18,53.6,2.24
Sault Sainte Marie,40,CA,1566504365,45,46.49,-84.36,68.0,10.29
Arraial do Cabo,75,BR,1566504366,64,-22.97,-42.02,69.8,10.29
Ushuaia,75,AR,1566504367,75,-54.81,-68.31,41.0,8.05
Kariapatti,75,IN,1566504368,69,9.68,78.1,82.4,8.05
Yaan,97,NG,1566504370,89,7.38,8.57,74.78,5.84
Bluff,0,AU,1566504295,70,-23.58,149.07,51.2,5.48
Najran,20,SA,1566504372,18,17.54,44.22,87.8,6.93
Labytnangi,12,RU,1566504373,95,66.66,66.39,47.6,6.53
Cherskiy,0,RU,1566504259,65,68.75,161.3,49.4,5.77
Torbay,90,CA,1566504014,100,47.66,-52.73,62.6,14.99
Mumford,83,GH,1566504377,91,5.26,-0.76,74.24,5.99
Cayenne,0,GF,1566504318,62,4.94,-52.33,87.8,10.29
Georgetown,40,GY,1566503962,70,6.8,-58.16,87.8,16.11
Punta Arenas,40,CL,1566504241,75,-53.16,-70.91,46.4,12.75
Barcelona,20,ES,1566504296,65,41.38,2.18,81.0,5.82
Cape Town,0,ZA,1566504004,93,-33.93,18.42,60.01,9.17
Epe,0,DE,1566504384,67,52.18,7.04,69.01,1.12
Lazaro Cardenas,75,MX,1566504385,35,28.39,-105.62,86.0,10.29
Busselton,0,AU,1566504246,79,-33.64,115.35,48.0,26.93
Ponta do Sol,8,BR,1566504299,51,-20.63,-46.0,70.82,3.49
Saskylakh,69,RU,1566504241,91,71.97,114.09,44.72,1.86
Petatlan,75,MX,1566504390,62,17.52,-101.27,87.8,11.41
Codrington,0,AU,1566504313,87,-28.95,153.24,53.6,5.28
Atuona,5,PF,1566504250,73,-9.8,-139.03,79.64,17.87
Praia,40,BR,1566504291,53,-20.25,-43.81,77.0,13.87
Sao Filipe,6,CV,1566504325,76,14.9,-24.5,76.58,11.3
Ploemeur,0,FR,1566504396,63,47.73,-3.43,70.0,2.24
Yellowknife,90,CA,1566504251,100,62.45,-114.38,50.0,14.99
Saint-Pierre,0,FR,1566504398,59,48.95,4.24,64.4,6.93
Santa Marta,20,CO,1566504207,70,11.24,-74.21,89.6,8.05
Mataura,95,NZ,1566504259,94,-46.19,168.86,37.99,1.99
Merrill,20,US,1566504402,46,42.03,-121.6,73.0,5.82
Rikitea,55,PF,1566504240,85,-23.12,-134.97,74.24,19.66
Tasiilaq,75,GL,1566504265,74,65.61,-37.64,44.6,9.17
Lorengau,100,PG,1566504295,85,-2.02,147.27,79.46,11.34
Nikolskoye,0,RU,1566504330,67,59.7,30.79,60.01,4.47
Kloulklubed,40,PW,1566504408,94,7.04,134.26,77.0,8.21
Chiang Kham,40,TH,1566504409,100,19.53,100.3,75.2,4.7
Klaksvik,40,FO,1566504302,87,62.23,-6.59,53.6,6.93
Bridgetown,33,AU,1566504412,90,-33.96,116.14,48.0,1.99
Hirara,0,JP,1566504278,83,24.8,125.28,84.14,17.76
Takoradi,55,GH,1566504414,87,4.89,-1.75,74.6,6.06
Ribeira Grande,20,PT,1566504242,83,38.52,-28.7,75.2,4.7
Hobart,20,AU,1566504069,69,-42.88,147.33,39.2,6.93
Narsaq,40,GL,1566504263,57,60.91,-46.05,50.0,10.29
Rio Tercero,0,AR,1566504419,35,-32.17,-64.11,63.8,8.39
Khorixas,0,NA,1566504356,24,-20.37,14.96,67.04,4.5
Ocos,40,GT,1566504421,52,14.51,-92.19,91.4,6.93
Laguna,40,BZ,1566504286,74,16.17,-88.94,86.0,9.17
Doha,0,QA,1566504424,71,25.29,51.53,93.2,4.7
Butaritari,100,KI,1566504264,74,3.07,172.79,84.32,14.88
Hilo,40,US,1566504290,62,19.71,-155.08,84.99,5.82
Santa Cruz,37,BR,1566504136,55,-6.22,-36.02,79.1,16.2
Hithadhoo,100,MV,1566504195,67,-0.6,73.08,82.88,2.93
Coahuayana,100,MX,1566504256,74,18.62,-100.35,81.62,1.52
Saint-Philippe,90,CA,1566504273,47,45.36,-73.48,80.6,12.75
Hermanus,38,ZA,1566504279,95,-34.42,19.24,54.0,11.03
Vaini,98,IN,1566504260,88,15.34,74.49,76.04,1.07
Albany,75,US,1566504244,51,42.65,-73.75,82.99,11.41
Sept-Iles,75,CA,1566504435,88,50.2,-66.38,66.2,6.93
Batagay,100,RU,1566504437,79,67.65,134.64,54.26,2.37
Aksarka,10,RU,1566504438,94,66.56,67.8,51.56,8.84
Khatanga,12,RU,1566504254,88,71.98,102.47,48.32,5.5
Hun,0,BE,1566504440,52,50.34,4.87,68.0,2.24
Coswig,0,DE,1566504443,63,51.13,13.58,66.2,3.36
Santa Rosa,0,AR,1566504444,33,-36.62,-64.29,63.98,3.15
Mecca,30,SA,1566504445,51,21.43,39.83,85.58,5.53
Arman,100,RU,1566504446,83,59.7,150.17,60.74,1.92
Whitehorse,40,CA,1566504448,43,60.72,-135.06,55.4,9.17
Ambon,0,FR,1566504372,64,47.55,-2.56,70.0,4.7
Xinyu,0,CN,1566504450,81,27.8,114.93,75.86,0.38
Mittagong,0,AU,1566504451,64,-34.45,150.45,48.99,6.93
Atar,0,MR,1566504453,33,20.52,-13.05,96.02,12.66
Adrar,16,DZ,1566504454,30,27.87,-0.29,105.8,11.41
Lavrentiya,99,RU,1566504285,86,65.58,-170.99,44.54,8.57
Kavieng,100,PG,1566504250,84,-2.57,150.8,81.26,14.67
Jamestown,0,AU,1566504266,90,-33.21,138.6,40.94,6.69
Puerto Ayora,0,EC,1566504241,61,-0.74,-90.35,77.0,11.41
Avarua,0,CK,1566503970,78,-21.21,-159.78,75.2,16.11
Green River,1,US,1566504356,12,41.53,-109.47,84.0,11.41
Severodvinsk,75,RU,1566504462,93,64.56,39.82,55.4,4.47
Hualmay,20,PE,1566504088,90,-11.1,-77.61,58.94,8.43
Padang,90,ID,1566504297,83,-0.92,100.36,81.44,19.04
Faanui,40,PF,1566504267,77,-16.48,-151.75,78.02,14.61
Abu Dhabi,0,AE,1566504168,75,24.47,54.37,91.4,6.93
Chicama,63,PE,1566504468,82,-7.84,-79.15,62.6,11.41
Tuktoyaktuk,75,CA,1566504243,75,69.44,-133.03,42.8,5.82
Carnarvon,30,ZA,1566504265,23,-30.97,22.13,61.28,10.38
Seoul,1,KR,1566504384,94,37.57,126.98,75.2,1.12
Karratha,0,AU,1566504419,40,-20.74,116.85,60.2,6.87
Bambous Virieux,20,MU,1566504251,88,-20.34,57.76,69.01,5.82
Saldanha,39,PT,1566504267,22,41.42,-6.55,76.22,7.4
Carlsbad,0,CZ,1566504476,76,50.23,12.87,61.0,4.7
Cabo San Lucas,90,MX,1566504189,78,22.89,-109.91,84.0,13.87
Hofn,90,IS,1566504478,87,64.25,-15.21,53.6,4.7
Svetlaya,100,RU,1566504479,99,46.54,138.33,52.46,7.85
Riberalta,24,BO,1566504481,44,-11.0,-66.08,93.2,4.7
Rocha,37,UY,1566504393,83,-34.48,-54.34,47.42,1.57
Fare,2,PF,1566504483,78,-16.7,-151.02,78.02,13.31
Vao,87,EE,1566504290,92,59.1,26.19,53.54,7.16
Isabela,99,PH,1566504286,82,10.2,122.99,80.36,16.22
Avera,40,US,1566504266,46,33.19,-82.53,96.01,9.17
Samarai,100,PG,1566504358,91,-10.62,150.67,71.54,7.4
Kapaa,90,US,1566504244,88,22.08,-159.32,87.8,20.8
Longyearbyen,75,NO,1566504293,72,78.22,15.63,39.2,1.12
Ampanihy,0,MG,1566504491,73,-24.69,44.75,60.74,13.29
Port Alfred,66,ZA,1566504255,82,-33.59,26.89,64.99,3.0
Tiksi,97,RU,1566504262,98,71.64,128.87,44.36,3.91
Awjilah,0,LY,1566504496,59,29.14,21.3,77.84,15.73
Vilhena,20,BR,1566504264,32,-12.74,-60.15,93.2,9.17
Crotone,0,IT,1566504498,77,39.09,17.12,74.42,2.42
Mar del Plata,36,AR,1566504248,47,-46.43,-67.52,51.74,7.16
Nabire,100,ID,1566504381,99,-3.36,135.5,68.3,4.09
Madiun,0,ID,1566504501,83,-7.63,111.52,69.74,9.69
Bagn,98,NO,1566504503,73,60.82,9.55,46.0,5.01
Port Lincoln,0,AU,1566504422,77,-34.72,135.86,52.46,16.37
Neiafu,75,TO,1566504369,94,-18.65,-173.98,77.0,11.16
Fairbanks,1,US,1566504366,66,64.84,-147.72,54.0,3.36
Hamilton,75,CA,1566504292,49,43.26,-79.87,78.01,13.87
Vila Velha,20,BR,1566504398,54,-3.71,-38.6,84.2,11.41
Mahon,90,IE,1566504408,93,51.89,-8.4,64.0,8.05
Faya,0,SA,1566504245,83,18.39,42.45,73.4,5.82
Namatanai,100,PG,1566504275,90,-3.66,152.44,76.04,12.5
Vanimo,52,PG,1566504336,81,-2.67,141.3,79.28,10.49
Chokurdakh,100,RU,1566504276,83,70.62,147.9,48.32,6.06
Esperance,100,AU,1566504363,35,-33.86,121.89,57.2,9.17
Berlevag,75,NO,1566504315,93,70.86,29.09,48.2,23.04
Severo-Kurilsk,100,RU,1566504403,93,50.68,156.12,48.5,7.63
Husavik,0,CA,1566504357,42,50.56,-96.99,72.0,5.99
Qaqortoq,40,GL,1566504519,57,60.72,-46.03,50.0,10.29
Lebu,85,ET,1566504316,87,8.96,38.73,55.34,1.79
Stuttgart,0,DE,1566504249,68,48.78,9.18,70.0,1.12
Upernavik,18,GL,1566504266,62,72.79,-56.15,40.94,4.09
Castro,20,CL,1566504260,87,-42.48,-73.76,50.0,2.24
Ebnat-Kappel,0,CH,1566504525,93,47.26,9.12,64.0,2.48
Alofi,48,NU,1566504526,94,-19.06,-169.92,77.0,4.7
Dikson,100,RU,1566504280,82,73.51,80.55,46.16,12.3
Conceicao do Araguaia,60,BR,1566504491,30,-8.26,-49.26,90.44,0.94
Kontagora,100,NG,1566504530,95,10.4,5.47,72.26,2.66
Darab,0,IR,1566504531,21,28.75,54.55,60.38,5.44
Barrow,0,AR,1566504267,59,-38.31,-60.23,54.8,8.66
Kodiak,40,US,1566504336,69,39.95,-94.76,80.6,8.05
Bamboo,20,JM,1566504535,70,18.39,-77.27,87.8,12.75
Sangar,100,RU,1566504536,90,63.92,127.47,55.7,3.87
Haapiti,20,PF,1566504537,65,-17.57,-149.87,82.4,3.36
Tura,32,RU,1566504328,85,64.27,100.22,45.98,2.42
Otradnoye,0,RU,1566504540,67,59.77,30.8,60.01,4.47
Richards Bay,0,ZA,1566504306,77,-28.77,32.06,67.4,17.65
Soe,0,EE,1566504542,87,57.91,26.05,55.99,6.93
Ak-Dovurak,41,RU,1566504544,92,51.17,90.6,45.8,1.81
Satun,20,TH,1566504545,94,6.62,100.07,78.8,4.85
Bonavista,100,CA,1566504546,78,48.65,-53.11,59.0,10.0
Storforshei,0,NO,1566504547,76,66.4,14.52,51.8,2.24
Coihaique,0,CL,1566504549,57,-45.58,-72.07,53.6,5.82
Kaitangata,100,NZ,1566504291,88,-46.28,169.85,41.48,3.8
Ilulissat,75,GL,1566504397,75,69.22,-51.1,44.6,2.24
Talcahuano,0,CL,1566504552,45,-36.72,-73.12,66.2,5.82
Bethel,40,US,1566504118,76,60.79,-161.76,55.4,12.75
Bandarbeyla,7,SO,1566504383,71,9.49,50.81,77.84,21.5
Katsuura,75,JP,1566504557,94,33.93,134.5,80.6,4.7
Pangoa,3,PE,1566504558,42,-12.12,-73.0,87.2,4.32
Vardo,40,US,1566504321,52,39.62,-77.74,93.99,3.36
Qaanaaq,100,GL,1566504271,68,77.48,-69.36,35.9,8.25
Zverinogolovskoye,93,RU,1566504561,92,54.46,64.85,57.68,4.25
Flin Flon,20,CA,1566504563,63,54.77,-101.88,62.6,13.87
Suoyarvi,0,RU,1566504564,89,62.08,32.35,49.94,6.55
Nanortalik,99,GL,1566504378,94,60.14,-45.24,37.7,3.53
Leningradskiy,99,RU,1566504307,87,69.38,178.42,38.96,17.6
Alta Floresta,0,BR,1566504404,25,-9.87,-56.08,98.6,3.36
Toora-Khem,65,RU,1566504403,89,52.47,96.11,45.08,2.1
Tazovskiy,71,RU,1566504112,78,67.47,78.7,47.78,4.5
Norman Wells,75,CA,1566504271,66,65.28,-126.83,51.8,13.87
Petropavlovsk-Kamchatskiy,75,RU,1566504572,100,53.05,158.65,51.8,3.29
Pevek,100,RU,1566504259,91,69.7,170.27,35.18,5.61
Dakar,20,SN,1566504341,88,14.69,-17.45,82.4,10.29
Mandal,68,MN,1566504575,69,48.82,106.5,53.0,3.67
Saint George,0,GR,1566504239,50,39.45,22.34,84.0,3.36
Mbaiki,56,CF,1566504578,94,3.87,17.99,69.74,2.55
Dali,65,CN,1566504579,60,34.79,109.94,71.72,3.2
Borogontsy,100,RU,1566504380,72,62.67,131.17,59.48,3.09
Aswan,0,EG,1566504581,13,24.09,32.9,95.0,6.93
Dwarka,40,IN,1566504289,78,28.58,77.04,82.4,3.36
Pendleton,1,US,1566504585,49,34.65,-82.78,96.01,10.29
Tuatapere,96,NZ,1566504317,94,-46.13,167.69,37.99,1.99
Anshun,0,CN,1566504359,87,26.25,105.93,60.02,1.83
Vila,0,IT,1566504588,64,45.18,8.4,77.0,5.82
Labuhan,100,ID,1566504305,86,-2.54,115.51,70.1,1.41
Campo Maior,0,BR,1566504591,33,-4.83,-42.16,85.76,2.06
Orikhove,62,UA,1566504592,44,48.1,38.11,78.02,9.71
Rio Grande,0,BR,1566504420,72,-32.03,-52.1,60.8,3.85
Half Moon Bay,5,US,1566504594,57,37.46,-122.43,87.01,10.29
Tilichiki,26,RU,1566504595,70,60.47,166.1,61.82,4.09
Acapulco,75,MX,1566504597,66,16.86,-99.88,86.0,8.05
Lake Cowichan,40,CA,1566504598,52,48.82,-124.05,69.01,8.05
Moramanga,100,MG,1566504599,95,-18.95,48.23,55.52,3.24
Moose Factory,75,CA,1566504609,72,51.26,-80.61,59.0,12.75
Mahebourg,20,MU,1566504250,88,-20.41,57.7,69.01,5.82
Los Llanos de Aridane,20,ES,1566504278,78,28.66,-17.92,73.4,16.11
Tomatlan,100,MX,1566504262,74,19.93,-105.25,83.06,9.22
Yangambi,65,CD,1566504614,84,0.77,24.47,73.16,1.32
Fallon,1,US,1566504616,45,46.84,-105.12,87.01,21.92
Cidreira,100,BR,1566504248,77,-30.17,-50.22,56.78,8.03
Ulaanbaatar,20,MN,1566504618,76,47.92,106.92,51.8,2.24
Snyder,75,US,1566504619,36,32.72,-100.92,96.01,8.05
Montrose,53,GB,1566504549,100,56.71,-2.47,62.6,8.05
Darhan,100,MN,1566504367,83,49.49,105.92,54.44,2.08
Victoria,75,BN,1566504191,83,5.28,115.24,80.6,6.78
Novovorontsovka,63,UA,1566504624,57,47.5,33.92,78.56,14.32
Souillac,0,FR,1566504350,31,45.6,-0.6,78.8,6.93
Caborca,0,MX,1566504626,40,30.58,-111.1,97.0,1.01
Naze,100,NG,1566504627,93,5.43,7.07,74.6,5.97
San Patricio,69,PY,1566504249,79,-26.98,-56.83,58.4,6.35
Thompson,20,CA,1566504270,59,55.74,-97.86,62.6,9.17
Luzhou,0,CN,1566504631,91,28.89,105.45,75.32,2.73
Flinders,0,AU,1566504632,64,-34.58,150.85,48.99,6.93
Pitimbu,40,BR,1566504633,69,-7.47,-34.81,80.6,14.99
Inuvik,75,CA,1566504635,75,68.36,-133.71,46.4,9.17
Sayyan,0,YE,1566504308,61,15.17,44.32,75.68,2.28
Ouadda,100,CF,1566504637,95,8.07,22.4,67.76,0.81
Jalu,0,LY,1566504328,51,29.03,21.55,81.08,15.37
Ancud,20,CL,1566504258,87,-41.87,-73.83,50.0,2.24
Kirakira,100,SB,1566504347,87,-10.46,161.92,78.74,12.5
Nanzhang,8,CN,1566504642,97,31.78,111.84,66.86,1.59
Platteville,40,US,1566504609,41,42.73,-90.48,80.01,3.18
Port Elizabeth,40,US,1566504281,41,39.31,-74.98,95.0,11.41
Andrews,75,US,1566504555,32,32.32,-102.55,93.2,6.93
Ayorou,100,NE,1566504297,62,14.73,0.92,81.44,1.03
Basco,1,US,1566504329,44,40.33,-91.2,81.0,8.05
East London,0,ZA,1566504252,32,-33.02,27.91,68.0,8.05
Makat,0,KZ,1566504650,28,47.65,53.35,85.04,10.04
Minyar,67,RU,1566504651,94,55.07,57.55,55.52,1.77
Nsukka,100,NG,1566504652,95,6.86,7.39,74.42,7.74
Shchigry,40,RU,1566504654,82,51.87,36.91,68.0,13.42
Bredasdorp,82,ZA,1566504284,93,-34.53,20.04,53.6,1.12
Makakilo City,90,US,1566504284,88,21.35,-158.09,87.01,4.7
Lasa,0,CY,1566504273,88,34.92,32.53,80.6,6.93
Puri,8,ID,1566504658,86,-7.54,112.45,70.1,8.57
Ugoofaaru,100,MV,1566504659,78,5.67,73.0,82.16,12.97
Saint-Francois,0,FR,1566504661,56,46.42,3.91,69.8,3.36
Cotonou,20,BJ,1566504662,83,6.37,2.43,78.8,14.99
Buchanan,75,LR,1566504663,88,5.88,-10.05,78.8,13.15
Liverpool,40,GB,1566504142,82,53.41,-2.98,64.99,16.11
Chuy,100,UY,1566504288,88,-33.69,-53.46,49.94,3.87
Yerbogachen,0,RU,1566504667,95,61.28,108.01,46.52,3.0
Torrington,1,US,1566504669,48,42.06,-104.18,86.0,21.92
Jacareacanga,20,BR,1566504670,47,-6.22,-57.76,95.0,3.36
Pacific Grove,1,US,1566504272,61,36.62,-121.92,90.0,6.93
Wajir,25,KE,1566504672,56,1.75,40.07,78.02,20.13
Verkhnevilyuysk,14,RU,1566504674,98,63.45,120.31,50.3,2.77
Taoudenni,37,ML,1566504675,15,22.68,-3.98,103.22,11.88
El Alto,20,BO,1566504677,8,-16.5,-68.19,60.8,16.11
Starozhilovo,52,RU,1566504678,68,54.23,39.91,64.99,4.0
Torbeyevo,75,RU,1566504679,82,54.07,43.25,67.94,5.57
Glebychevo,0,RU,1566504681,82,60.44,28.72,55.99,5.99
Batagay-Alyta,100,RU,1566504683,95,67.8,130.41,47.42,2.55
Mogadishu,11,SO,1566504684,84,2.04,45.34,75.68,14.85
Hasaki,75,JP,1566504347,94,35.73,140.83,77.0,9.17
Turukhansk,100,RU,1566504686,75,65.8,87.96,55.88,5.19
Saint-Augustin,90,CA,1566504277,47,45.63,-73.98,79.0,12.75
Muros,20,ES,1566504354,47,42.77,-9.06,78.8,5.82
Mundo Nuevo,0,CL,1566504690,31,-32.72,-71.41,84.2,9.17
Mamallapuram,75,IN,1566504377,78,12.63,80.17,82.4,9.17
Mahajanga,40,MG,1566504692,74,-15.72,46.32,78.8,4.7
Siilinjarvi,0,FI,1566504694,76,63.08,27.67,55.4,5.82
Geraldton,75,CA,1566504306,55,49.72,-86.95,60.8,6.93
Grindavik,75,IS,1566504342,87,63.84,-22.43,53.6,8.05
San Juan del Sur,40,NI,1566504697,79,11.25,-85.87,86.0,4.7
Cap-aux-Meules,75,CA,1566504699,83,47.38,-61.86,73.4,13.87
Wyndham,90,GB,1566504700,93,51.61,-3.54,66.0,10.29
Portland,1,US,1566503886,58,43.66,-70.25,86.0,8.05
Sambava,97,MG,1566504703,96,-14.27,50.17,67.4,1.97
Novikovo,60,RU,1566504704,84,51.15,37.89,68.66,12.8
Mount Gambier,90,AU,1566504283,81,-37.83,140.78,48.2,5.82
Albanel,75,CA,1566504706,60,48.88,-72.44,68.0,17.22
Beloha,0,MG,1566504708,73,-25.17,45.06,61.64,16.24
Srednekolymsk,100,RU,1566504351,65,67.46,153.71,50.48,11.95
Thinadhoo,100,MV,1566504710,63,0.53,72.93,82.88,3.15
Mana,46,NG,1566504712,88,13.03,5.27,73.52,6.11
Hami,0,CN,1566504358,27,42.84,93.51,72.98,6.11
Kamaishi,100,JP,1566504714,99,39.28,141.86,65.42,3.11
Moffat,100,GB,1566504716,93,55.33,-3.44,62.6,23.04
Mitsamiouli,0,KM,1566504275,83,-11.38,43.28,76.94,24.52
Temyasovo,6,RU,1566504718,76,52.99,58.1,57.2,6.71
Inhambane,20,MZ,1566504719,77,-23.87,35.38,66.2,3.53
Rochegda,100,RU,1566504722,99,62.67,43.41,54.08,6.15
Roald,75,NO,1566504723,87,62.58,6.12,57.2,3.36
Baykit,48,RU,1566504661,79,61.68,96.39,47.6,2.08
Sisimiut,0,GL,1566504343,88,66.94,-53.67,41.66,8.12
Talaya,20,RU,1566504727,93,55.79,84.89,50.0,2.24
Semnan,0,IR,1566504728,16,35.58,53.39,84.2,4.7
Mayo,20,CA,1566504729,49,63.59,-135.9,48.2,3.36
Marzuq,0,YE,1566504730,45,14.4,46.47,81.08,4.76
Yulara,0,AU,1566504069,51,-25.24,130.99,39.2,4.7
Campo Grande,0,BR,1566504733,25,-20.46,-54.62,89.6,6.93
Moshenskoye,0,RU,1566504734,96,58.52,34.59,52.28,4.99
Adamas,0,GR,1566504735,67,36.73,24.43,80.18,19.6
Bol,100,TD,1566504737,70,13.47,14.72,80.0,2.73
Evensk,0,RU,1566504398,65,61.92,159.24,62.0,2.21
Ailigandi,86,PA,1566504739,78,9.23,-78.02,82.7,8.05
Porto Walter,85,BR,1566504740,39,-8.27,-72.74,90.98,2.57
Uinskoye,26,RU,1566504742,96,56.88,56.58,59.48,6.42
Ponta Delgada,75,PT,1566504743,88,37.73,-25.67,73.4,13.87
Comodoro Rivadavia,0,AR,1566504502,54,-45.87,-67.48,59.0,5.82
Mkuranga,20,TZ,1566504745,88,-7.12,39.21,75.2,4.7
Roblin,22,CA,1566504746,54,51.23,-101.35,68.48,15.55
Sobolevo,67,RU,1566504276,87,54.43,31.9,54.08,4.45
San Cristobal,1,HN,1566504242,39,14.68,-86.92,87.56,10.78
Nuuk,75,GL,1566504276,81,64.17,-51.74,46.4,6.93
Salalah,40,OM,1566504357,94,17.01,54.1,77.0,5.82
Benghazi,0,LY,1566504299,71,32.12,20.07,79.1,15.73
Cervo,75,BR,1566504754,60,-22.19,-46.24,69.8,4.16
Ahipara,100,NZ,1566504318,100,-35.17,173.16,55.0,1.99
Aklavik,75,CA,1566504271,75,68.22,-135.01,46.4,9.17
San Carlos de Bariloche,0,AR,1566504302,46,-41.13,-71.31,50.0,10.29
Kulhudhuffushi,100,MV,1566504361,79,6.62,73.07,82.16,13.47
Constitucion,75,MX,1566504317,44,23.99,-104.67,75.2,4.7
Rinconada,75,MX,1566504762,42,25.68,-100.71,96.8,11.41
Ulladulla,0,AU,1566504393,64,-35.36,150.48,39.0,6.93
The Valley,40,AI,1566504210,66,18.22,-63.06,87.8,16.11
Port Hawkesbury,90,CA,1566504765,74,45.62,-61.36,84.99,10.29
Kimbe,100,PG,1566504767,82,-5.56,150.15,72.62,2.8
Valparaiso,40,US,1566504568,53,41.47,-87.06,81.0,11.41
Aiquile,0,BO,1566504769,32,-18.2,-65.18,69.92,19.71
Rajaldesar,0,IN,1566504488,47,28.03,74.47,87.92,16.51
Koslan,100,RU,1566504772,99,63.46,48.9,54.26,2.86
Dagana,75,MR,1566504773,63,16.52,-15.51,91.4,2.24
Yarada,100,IN,1566504774,83,17.65,83.27,82.34,3.74
Uige,0,AO,1566504775,58,-7.61,15.06,71.9,1.88
Kalabo,0,ZM,1566504777,51,-15.0,22.67,58.04,6.91
Solnechnyy,100,RU,1566504778,99,50.72,136.64,52.46,3.22
Pingxiang,20,CN,1566504779,81,27.63,113.85,76.4,1.9
Dera Bugti,0,PK,1566504781,30,29.03,69.15,87.56,5.08
Lagoa,0,PT,1566504782,61,37.14,-8.45,82.0,5.82
Havelock,75,US,1566504783,62,34.88,-76.9,91.4,16.11
Palmer,0,AU,1566504253,87,-34.85,139.16,48.0,9.17
Iskateley,100,RU,1566504786,91,67.68,53.15,50.66,4.21
Adelaide,0,AU,1566504736,87,-34.93,138.6,46.99,9.17
Belle Glade,75,US,1566504789,62,26.68,-80.67,91.0,16.11
Stephenville Crossing,75,CA,1566504790,82,48.5,-58.44,66.2,14.99
Allapalli,100,IN,1566504791,92,19.43,80.06,75.86,5.73
Sainte-Rose,90,CA,1566504792,47,45.61,-73.79,80.01,12.75
Opotiki,100,NZ,1566504794,99,-38.01,177.29,53.01,9.19
Chernyshevskiy,32,RU,1566504727,98,63.01,112.47,46.7,3.71
Bosobolo,51,CD,1566504796,89,4.19,19.88,71.36,3.33
Umm Kaddadah,100,SD,1566504361,70,13.6,26.69,76.94,6.35
Quatis,67,BR,1566504799,95,-22.41,-44.26,58.4,7.31
Luganville,75,VU,1566504800,94,-15.51,167.18,71.6,3.36
Sorland,40,NO,1566504310,93,67.67,12.69,51.8,3.36
Ust-Ordynskiy,19,RU,1566504803,100,52.8,104.75,51.8,4.47
Kruisfontein,83,ZA,1566504258,89,-34.0,24.73,54.26,5.32
Linqiong,40,CN,1566504805,88,30.42,103.46,82.0,6.71
Amahai,92,ID,1566504806,88,-3.31,129.0,75.5,8.97
Ouro Preto do Oeste,68,BR,1566504807,23,-10.75,-62.22,95.12,5.73
Cam Ranh,40,VN,1566504809,88,11.92,109.15,80.6,2.24
Santa Maria,40,BR,1566504810,25,-16.02,-48.01,87.8,6.93
Airai,1,TL,1566504275,81,-8.93,125.41,66.32,5.08
Puerto Leguizamo,0,CO,1566504813,78,-0.19,-74.78,82.52,2.01
Volot,0,RU,1566504814,93,57.93,30.71,53.54,5.3
Ajdabiya,0,LY,1566504815,74,30.75,20.22,78.74,19.86
Ukiah,1,US,1566504596,37,39.15,-123.21,95.0,4.7
Pisco,0,PE,1566504275,30,-13.71,-76.2,71.6,10.29
Willowmore,51,ZA,1566504819,50,-33.3,23.49,53.18,3.06
Vestmannaeyjar,100,IS,1566504277,92,63.44,-20.27,51.38,8.59
Leshukonskoye,100,RU,1566504284,98,64.9,45.76,53.54,3.2
Khasan,100,RU,1566504823,98,42.43,130.64,62.72,1.34
Eyrarbakki,75,IS,1566504824,81,63.86,-21.15,55.99,4.7
Olinda,0,AU,1566504825,93,-37.84,145.39,43.0,6.93
Morondava,89,MG,1566504827,60,-20.3,44.28,77.48,10.38
Teya,75,MX,1566504348,56,21.05,-89.07,97.0,13.87
Tautira,20,PF,1566504376,65,-17.73,-149.15,82.4,3.36
Sibolga,85,ID,1566504831,82,1.74,98.78,80.54,6.42
Chikola,0,RU,1566504832,68,43.2,43.92,71.6,6.71
Hammerfest,75,NO,1566504833,75,70.66,23.68,46.4,8.05
Semenivka,48,UA,1566504835,92,52.18,32.58,57.86,8.88
Aasiaat,26,GL,1566504836,82,68.71,-52.87,40.76,2.89
Tadine,24,NC,1566504837,57,-21.55,167.88,70.1,11.03
General Roca,0,AR,1566504341,48,-39.03,-67.58,60.8,3.36
Dingle,100,PH,1566504363,84,11.0,122.67,76.22,7.45
Gat,20,SN,1566504315,88,14.69,-16.54,78.8,10.29
Ayr,0,AU,1566504842,88,-19.58,147.4,48.0,3.53
Nyurba,77,RU,1566504364,98,63.29,118.35,49.22,2.01
West Wendover,1,US,1566504332,18,40.74,-114.07,84.2,9.17
Saint-Denis,0,FR,1566504846,52,48.94,2.36,73.4,5.82
Thohoyandou,0,ZA,1566504847,69,-22.97,30.46,50.66,1.07
Mezen,100,RU,1566504849,84,65.85,44.24,54.62,7.07
Tawang,100,BT,1566504850,91,27.59,91.87,56.78,3.8
Port-Gentil,90,GA,1566504851,83,-0.72,8.78,78.8,11.41
Port Hedland,0,AU,1566504402,47,-20.31,118.58,55.4,9.17
Kearney,90,US,1566504854,83,40.7,-99.08,73.99,6.93
Ajra,82,IN,1566504856,96,16.12,74.21,69.74,1.03
Nampula,75,MZ,1566504857,68,-15.12,39.26,69.8,6.93
Bakel,41,SN,1566504859,72,14.9,-12.46,81.62,11.36
Port Blair,100,IN,1566504363,80,11.67,92.75,82.7,28.43
Provideniya,75,RU,1566504335,66,64.42,-173.23,51.8,4.47
Bubaque,73,GW,1566504863,82,11.28,-15.83,79.46,25.59
Salta,0,AR,1566504367,28,-24.79,-65.41,71.6,3.36
Katobu,61,ID,1566504865,90,-4.94,122.53,71.72,4.45
Panaba,33,MX,1566504867,57,21.28,-88.27,90.8,15.21
Mount Isa,0,AU,1566504413,33,-20.73,139.49,57.2,10.29
Rio Gallegos,40,AR,1566504869,61,-51.62,-69.22,50.0,11.41
Poum,20,MK,1566504870,49,41.28,20.71,69.8,3.36
Mulanje,83,MW,1566504872,96,-16.03,35.5,54.98,5.06
Jieshi,96,CN,1566504873,90,22.82,115.83,78.38,1.52
Shubarshi,0,KZ,1566504875,29,48.59,57.19,72.26,10.33
Gainesville,20,US,1566504876,41,29.65,-82.33,95.0,3.36
Sinnamary,0,GF,1566504344,77,5.38,-52.96,82.52,14.88
Booue,100,GA,1566504879,83,-0.09,11.94,76.4,2.86
Anadyr,75,RU,1566504880,76,64.73,177.51,48.2,11.18
Yakeshi,28,CN,1566504881,93,49.28,120.73,51.2,5.68
Yushu,16,CN,1566504883,98,44.84,126.53,53.9,4.43
Gunnedah,0,AU,1566504884,86,-30.98,150.25,39.2,6.29
Pengcheng,100,CN,1566504885,69,36.43,114.17,72.44,3.44
Nome,40,US,1566504362,59,30.04,-94.42,95.0,6.93
Mnogovershinnyy,98,RU,1566504888,89,53.94,139.92,52.28,1.1
Maykop,100,RU,1566504889,50,44.61,40.1,71.36,1.66
Pailon,0,BO,1566504890,34,-17.66,-62.72,93.2,9.17
Lamar,1,US,1566504892,31,38.09,-102.62,89.6,10.29
Xaxim,20,BR,1566504893,46,-26.96,-52.53,73.4,13.87
Brae,97,GB,1566504894,93,60.4,-1.35,57.2,19.46
Sechura,49,PE,1566504895,93,-5.56,-80.82,61.28,18.99
Amazar,100,RU,1566504897,95,53.86,120.88,51.56,1.5
Nicoya,75,CR,1566504898,52,10.15,-85.45,91.4,18.34
Luancheng,0,CN,1566504899,88,37.88,114.65,69.8,6.71
Polunochnoye,91,RU,1566504901,93,60.87,60.43,55.7,1.59
Alice Springs,0,AU,1566504902,48,-23.7,133.88,39.2,4.7
Qiongshan,0,CN,1566504396,100,20.01,110.35,73.4,2.24
Mgachi,92,RU,1566504728,82,51.05,142.27,54.98,6.76
Murray Bridge,0,AU,1566504906,88,-35.12,139.28,46.99,4.0
Arlit,22,NE,1566504907,41,18.74,7.39,89.0,12.46
Ixtapa,90,MX,1566504908,70,20.71,-105.21,91.4,11.14
Hastings,67,NZ,1566504883,86,-39.64,176.84,46.7,2.73
Barguzin,67,RU,1566504911,61,53.62,109.63,47.24,3.42
Roebourne,0,AU,1566504912,30,-20.77,117.15,60.92,7.92
Abbeyfeale,75,IE,1566504914,82,52.38,-9.3,64.4,6.93
Taguatinga,40,BR,1566504916,25,-15.83,-48.06,87.8,6.93
Yar-Sale,100,RU,1566504918,87,66.83,70.83,52.82,12.19
Vredendal,0,ZA,1566504919,74,-31.68,18.49,60.92,13.87
Camacha,40,PT,1566504920,73,33.08,-16.33,71.6,11.41
Meulaboh,79,ID,1566504921,77,4.14,96.13,81.8,10.07
Tucurui,56,BR,1566504208,41,-3.77,-49.67,89.54,3.4
Coffs Harbour,90,AU,1566504924,54,-30.3,153.13,55.99,10.29
Rostock,40,DE,1566504925,48,54.09,12.13,66.2,3.36
Nara,90,JP,1566504926,94,34.68,135.8,81.0,11.41
Amarkantak,100,IN,1566504928,93,22.67,81.76,72.26,3.87
Kangaatsiaq,94,GL,1566504929,86,68.31,-53.46,44.18,8.28
Majene,100,ID,1566504930,81,-3.54,118.97,79.28,27.47
General Pico,0,AR,1566504931,40,-35.66,-63.75,62.9,1.95
Great Falls,40,US,1566504933,49,47.5,-111.29,75.2,13.87
Marsh Harbour,61,BS,1566504325,72,26.54,-77.06,85.04,16.51
Pontian Kecil,75,MY,1566504935,83,1.48,103.39,84.2,9.17
Quanzhou,20,CN,1566504937,83,24.9,118.59,82.4,6.71
Olkhovka,3,RU,1566504939,85,53.21,60.61,56.06,3.56
Tucumcari,1,US,1566504941,40,35.17,-103.73,89.01,12.75
Fatehabad,40,IN,1566504942,69,27.03,78.3,81.26,2.59
Bilma,40,NE,1566504408,42,18.69,12.92,90.08,4.63
Price,1,US,1566504807,15,39.6,-110.81,89.01,6.93
Guerrero Negro,0,MX,1566504946,76,27.97,-114.04,70.82,11.07
Bathsheba,40,BB,1566504382,66,13.22,-59.52,87.8,12.75
Sarwar,85,IN,1566504948,73,26.06,75.01,79.64,8.5
Beyneu,0,KZ,1566504352,45,45.32,55.19,80.9,18.21
Prainha,36,BR,1566504951,49,-1.8,-53.48,89.9,2.39
Dalvik,100,SE,1566504952,72,57.79,14.13,62.01,11.41
Bilibino,18,RU,1566504357,71,68.06,166.44,41.66,2.75
Dawlatabad,0,AF,1566504954,24,36.41,64.91,74.96,10.02
Kaputan,0,AM,1566504955,20,40.32,44.7,84.2,13.87
Panzhihua,100,CN,1566504957,93,26.59,101.72,64.52,2.08
Quesnel,20,CA,1566504958,44,52.98,-122.49,60.8,4.7
Marion,1,US,1566504833,66,35.21,-90.2,91.4,5.82
Kilinochchi,94,LK,1566504961,76,9.4,80.4,83.24,23.2
Camacupa,0,AO,1566504874,31,-12.02,17.48,56.78,5.03
Talnakh,40,RU,1566504965,93,69.49,88.39,53.6,2.24
Alakurtti,0,RU,1566504966,91,66.96,30.34,46.99,4.03
Tupik,100,RU,1566504368,95,54.43,119.94,48.5,1.63
Agapovka,5,RU,1566504969,76,53.3,59.13,57.2,6.71
Kumluca,0,TR,1566504970,52,36.37,30.29,66.32,5.1
Harper,40,US,1566504971,41,30.3,-99.24,96.8,10.29
Timmins,75,CA,1566504972,63,48.48,-81.33,60.8,12.75
Ban Dung,100,TH,1566504974,95,17.7,103.25,73.88,3.67
Grand Gaube,20,MU,1566504975,88,-20.01,57.66,69.01,5.82
Manokwari,66,ID,1566504976,85,-0.87,134.08,72.44,5.3
Gamba,52,CN,1566504401,62,28.28,88.52,42.2,3.44
Dhidhdhoo,100,MV,1566504980,79,6.88,73.1,81.62,11.83
Falam,100,MM,1566504982,99,22.91,93.68,64.16,0.22
Nishihara,75,JP,1566504983,83,35.74,139.53,84.0,19.46
Lagos,20,NG,1566504979,83,6.46,3.39,78.8,10.29
Uarini,40,BR,1566504985,62,-2.98,-65.16,89.6,6.93
Namibe,48,AO,1566504388,88,-15.19,12.15,65.06,12.39
Jitauna,50,BR,1566504988,84,-14.02,-39.89,70.46,7.07
Blackfoot,1,US,1566504941,40,43.19,-112.35,71.6,23.04
Pekalongan,82,ID,1566504990,83,-6.89,109.67,70.82,6.64
Shakawe,0,BW,1566504991,22,-18.36,21.84,56.06,6.71
Dafeng,79,CN,1566504993,66,33.2,120.46,67.76,4.18
Knysna,45,ZA,1566504994,81,-34.04,23.05,53.6,4.7
Pangnirtung,90,CA,1566504996,93,66.15,-65.72,44.6,8.05
Honningsvag,75,NO,1566504707,87,70.98,25.97,46.4,12.75
Songadh,7,IN,1566504998,81,21.71,71.89,78.2,11.54
Luderitz,0,NA,1566504761,35,-26.65,15.16,71.6,1.12
Cartagena del Chaira,27,CO,1566505000,79,1.33,-74.84,81.26,2.42
Eureka,90,US,1566504836,77,40.8,-124.16,66.99,8.05
Kjollefjord,75,NO,1566505003,87,70.95,27.35,48.2,12.75
Bella Union,32,CO,1566505004,76,8.5,-73.35,79.1,2.68
Ruteng,1,ID,1566505005,92,-8.61,120.46,65.78,4.79
Provost,100,CA,1566505007,87,52.35,-110.26,56.6,12.12
Solenzo,100,BF,1566505008,94,12.18,-4.08,73.34,4.27
Yichang,51,CN,1566505009,97,30.77,111.32,69.2,0.56
Tafresh,0,IR,1566504875,23,34.69,50.01,63.62,3.2
Kalmunai,100,LK,1566505012,67,7.42,81.82,78.74,3.13
Itarema,11,BR,1566505013,72,-2.92,-39.92,76.58,12.35
Ostrovnoy,100,RU,1566505015,88,68.05,39.51,52.64,2.04
Sorong,100,ID,1566505016,92,-0.86,131.25,74.6,6.53
Tunkas,75,MX,1566505017,39,20.9,-88.75,98.6,8.05
Isangel,40,VU,1566505018,88,-19.55,169.27,66.2,8.95
Cabedelo,40,BR,1566505020,69,-6.97,-34.84,80.6,14.99
Khani,75,GE,1566505021,100,41.96,42.96,73.4,3.36
Salumbar,0,IN,1566505022,80,24.14,74.05,77.66,5.86
Nusaybin,0,TR,1566505024,39,37.08,41.21,79.0,4.79
Champerico,40,MX,1566505025,55,16.38,-93.6,87.8,3.36
Kansanshi,0,ZM,1566505026,48,-12.1,26.43,55.16,7.4
College,20,US,1566505028,62,64.86,-147.8,55.4,4.03
Egvekinot,22,RU,1566504759,69,66.32,-179.17,45.8,8.99
Sistranda,75,NO,1566504771,82,63.73,8.83,57.99,2.24
Myitkyina,100,MM,1566505032,99,25.38,97.4,73.52,3.38
Tiznit,47,MA,1566505033,75,29.7,-9.73,71.0,4.36
Turayf,0,SA,1566505034,25,31.68,38.65,84.2,9.17
Lircay,40,PE,1566505036,28,-12.99,-74.72,69.8,10.29
Road Town,20,VG,1566504976,62,18.42,-64.62,87.8,12.75
Ruzomberok,0,SK,1566505038,88,49.07,19.31,64.4,1.12
Nyagan,56,RU,1566505039,94,62.14,65.43,54.44,3.6
San Juan,0,AR,1566504935,31,-31.54,-68.53,56.06,5.66
Ambilobe,78,MG,1566505042,65,-13.19,49.05,76.76,15.59
Mollendo,55,PE,1566505043,82,-17.03,-72.02,58.22,3.96
Wajima,99,JP,1566505045,84,37.4,136.9,77.48,19.84
Tarbagatay,0,RU,1566505046,76,51.48,107.36,53.6,6.71
Levin,100,NZ,1566505047,89,-40.62,175.28,52.0,1.01
Ovsyanka,0,RU,1566505049,97,53.58,126.91,51.92,2.1
Traverse City,75,US,1566504911,35,44.76,-85.62,72.0,5.82
Alta,75,NO,1566505051,81,69.97,23.27,50.0,3.36
Cartagena,0,ES,1566505052,65,37.63,-1.0,78.8,9.17
Penzance,96,GB,1566505054,93,50.12,-5.53,63.0,10.49
Kahului,20,US,1566505055,58,20.89,-156.47,87.8,23.04
Port Moresby,51,PG,1566505057,84,-9.47,147.16,74.42,14.65
Milkovo,0,BG,1566505058,69,41.53,24.68,82.4,4.7
Golden,100,US,1566504977,20,39.76,-105.22,90.0,6.93
Portsmouth,0,GB,1566505063,72,50.8,-1.08,64.4,3.36
Mazatlan,90,MX,1566505065,66,23.22,-106.42,91.0,5.82
Lumby,1,CA,1566505066,29,50.25,-118.97,75.99,16.11
Peleduy,30,RU,1566505067,93,59.63,112.75,45.44,1.07
Fuerte Olimpo,45,BR,1566505068,26,-21.04,-57.87,92.06,5.12
Maloy,29,ID,1566505070,96,1.0,118.1,71.54,2.28
Orlovskiy,100,RU,1566505071,40,46.87,42.05,78.2,9.86
Sola,100,TZ,1566505072,42,-3.17,33.8,73.7,8.08
Cachoeira do Sul,27,BR,1566504807,81,-30.05,-52.89,57.5,4.68
Chernyshevsk,100,RU,1566505075,95,52.51,117.01,50.66,0.81
Lincoln,75,GB,1566504875,77,53.23,-0.54,68.0,13.87
Hegra,75,NO,1566505077,82,63.46,11.11,57.2,10.29
